_docId,sigla,tipo,targa,radio,statoMezzo,operativo,noteOperativo,stazionamentoPredefinito,stazione_indirizzo,stazione_luogo_fisico,dettaglio_stazionamento,posizioneReale_lat,posizioneReale_lng,creatoIl,stazionamento,manifestationId,idUnivoco,stazionamentoId,equipaggio,coordinate_stazionamento,posizioneReale
AAT_LC_COORD,AAT_LC_COORD,COORDINAMENTO,,,Non disponibile,true,,false,"Piazza degli Affari, 23900 Lecco LC",,,,,"31/05/2026, 17:06:54","{""luogo_fisico"":"""",""note"":"""",""coordinate"":null,""indirizzo"":""Piazza degli Affari, 23900 Lecco LC""}",Lr4XjZMr4UWWJWD2m0iW,1780240013851_ujzbz,49d5d2d7-899f-41e7-913f-160507e03925,"{""autista"":{""cognome"":"""",""nome"":"""",""telefono"":""""},""medico"":{""cognome"":"""",""nome"":"""",""telefono"":""""},""soccorritore2"":{""cognome"":"""",""nome"":"""",""telefono"":""""},""soccorritore1"":{""cognome"":"""",""nome"":"""",""telefono"":""""}}",,
AREU_MSA1,AREU_MSA1,AREU_MSA,,,Non disponibile,true,,false,"Via Filanda, 10, 23900 Lecco LC",,,,,"31/05/2026, 17:06:58","{""luogo_fisico"":"""",""note"":"""",""coordinate"":null,""indirizzo"":""Via Filanda, 10, 23900 Lecco LC""}",Lr4XjZMr4UWWJWD2m0iW,1780240018230_g0vk4,f36b63c6-9f70-471d-b2ee-f35850fd66d9,"{""autista"":{""cognome"":"""",""nome"":"""",""telefono"":""""},""medico"":{""cognome"":"""",""nome"":"""",""telefono"":""""},""soccorritore2"":{""cognome"":"""",""nome"":"""",""telefono"":""""},""soccorritore1"":{""cognome"":"""",""nome"":"""",""telefono"":""""}}",,
AREU_MSA2,AREU_MSA2,AREU_MSA,,,Non disponibile,true,,false,"Via Filanda, 10, 23900 Lecco LC",,,,,"31/05/2026, 17:06:58","{""luogo_fisico"":"""",""note"":"""",""coordinate"":null,""indirizzo"":""Via Filanda, 10, 23900 Lecco LC""}",Lr4XjZMr4UWWJWD2m0iW,1780240017960_fm88d,f36b63c6-9f70-471d-b2ee-f35850fd66d9,"{""autista"":{""cognome"":"""",""nome"":"""",""telefono"":""""},""medico"":{""cognome"":"""",""nome"":"""",""telefono"":""""},""soccorritore2"":{""cognome"":"""",""nome"":"""",""telefono"":""""},""soccorritore1"":{""cognome"":"""",""nome"":"""",""telefono"":""""}}",,
AREU_MSB_1,AREU_MSB_1,MSB,,,Non disponibile,true,,false,"Via Filanda, 10, 23900 Lecco LC",,,,,"31/05/2026, 17:06:58","{""luogo_fisico"":"""",""note"":"""",""coordinate"":null,""indirizzo"":""Via Filanda, 10, 23900 Lecco LC""}",Lr4XjZMr4UWWJWD2m0iW,1780240018350_dxw14,f36b63c6-9f70-471d-b2ee-f35850fd66d9,"{""autista"":{""cognome"":"""",""nome"":"""",""telefono"":""""},""medico"":{""cognome"":"""",""nome"":"""",""telefono"":""""},""soccorritore2"":{""cognome"":"""",""nome"":"""",""telefono"":""""},""soccorritore1"":{""cognome"":"""",""nome"":"""",""telefono"":""""}}",,
AREU_MSB_2,AREU_MSB_2,MSB,,,Non disponibile,true,,false,"Via Filanda, 10, 23900 Lecco LC",,,,,"31/05/2026, 17:06:58","{""luogo_fisico"":"""",""note"":"""",""coordinate"":null,""indirizzo"":""Via Filanda, 10, 23900 Lecco LC""}",Lr4XjZMr4UWWJWD2m0iW,1780240018459_j6287,f36b63c6-9f70-471d-b2ee-f35850fd66d9,"{""autista"":{""cognome"":"""",""nome"":"""",""telefono"":""""},""medico"":{""cognome"":"""",""nome"":"""",""telefono"":""""},""soccorritore2"":{""cognome"":"""",""nome"":"""",""telefono"":""""},""soccorritore1"":{""cognome"":"""",""nome"":"""",""telefono"":""""}}","{""x"":53.3,""y"":76.8}",
CNSAS_BEDOLETTA,CNSAS_BEDOLETTA,CNSAS,,,Disponibile,true,,true,,,,,,"31/05/2026, 17:06:59","{""luogo_fisico"":"""",""note"":"""",""indirizzo"":"""",""coordinate"":null}",Lr4XjZMr4UWWJWD2m0iW,1780240018926_2nkfv,db2d2ffe-5579-47cd-bc46-a1291c82c087,"{""autista"":{""cognome"":"""",""nome"":"""",""telefono"":""""},""medico"":{""cognome"":"""",""nome"":"""",""telefono"":""""},""soccorritore2"":{""cognome"":"""",""nome"":"""",""telefono"":""""},""soccorritore1"":{""cognome"":"""",""nome"":"""",""telefono"":""""}}","{""x"":52.9,""y"":38.6}",
CNSAS_COORD,CNSAS_COORD,COORDINAMENTO,,,Disponibile,true,,false,"Via Buozzi Bruno, 36, 23900 Lecco LC",,,,,"31/05/2026, 17:06:58","{""luogo_fisico"":"""",""note"":"""",""coordinate"":null,""indirizzo"":""Via Buozzi Bruno, 36, 23900 Lecco LC""}",Lr4XjZMr4UWWJWD2m0iW,1780240018601_es964,c7cb257a-21ba-4d66-afd6-f59d6deaa8ce,"{""autista"":{""cognome"":"""",""nome"":"""",""telefono"":""""},""medico"":{""cognome"":"""",""nome"":"""",""telefono"":""""},""soccorritore2"":{""cognome"":"""",""nome"":"""",""telefono"":""""},""soccorritore1"":{""cognome"":"""",""nome"":"""",""telefono"":""""}}",,
CNSAS_ERNA,CNSAS_ERNA,CNSAS,,,Disponibile,true,,false,,,,,,"31/05/2026, 17:06:59","{""luogo_fisico"":"""",""note"":"""",""coordinate"":null,""indirizzo"":""""}",Lr4XjZMr4UWWJWD2m0iW,1780240019632_4mnna,1876e1b5-397f-4927-b994-e44bc5dfa5f8,"{""autista"":{""cognome"":"""",""nome"":"""",""telefono"":""""},""medico"":{""cognome"":"""",""nome"":"""",""telefono"":""""},""soccorritore2"":{""cognome"":"""",""nome"":"""",""telefono"":""""},""soccorritore1"":{""cognome"":"""",""nome"":"""",""telefono"":""""}}",,
CNSAS_FORBESETTE,CNSAS_FORBESETTE,CNSAS,,,Disponibile,true,,false,,,,,,"31/05/2026, 17:06:59","{""luogo_fisico"":"""",""note"":"""",""coordinate"":null,""indirizzo"":""""}",Lr4XjZMr4UWWJWD2m0iW,1780240019370_5djeq,18d7adf7-1ad7-410b-b506-59c587aaf38c,"{""autista"":{""cognome"":"""",""nome"":"""",""telefono"":""""},""medico"":{""cognome"":"""",""nome"":"""",""telefono"":""""},""soccorritore2"":{""cognome"":"""",""nome"":"""",""telefono"":""""},""soccorritore1"":{""cognome"":"""",""nome"":"""",""telefono"":""""}}",,
CNSAS_GIUFF,CNSAS_GIUFF,CNSAS,,,Disponibile,true,,false,,,,,,"31/05/2026, 17:06:59","{""luogo_fisico"":"""",""note"":"""",""coordinate"":null,""indirizzo"":""""}",Lr4XjZMr4UWWJWD2m0iW,1780240019519_eboox,dc6795c7-3323-4791-bc55-aa42c7e9c8ed,"{""autista"":{""cognome"":"""",""nome"":"""",""telefono"":""""},""medico"":{""cognome"":"""",""nome"":"""",""telefono"":""""},""soccorritore2"":{""cognome"":"""",""nome"":"""",""telefono"":""""},""soccorritore1"":{""cognome"":"""",""nome"":"""",""telefono"":""""}}",,
CNSAS_PIANSERRADA,CNSAS_PIANSERRADA,CNSAS,,,Disponibile,true,,false,,,,,,"31/05/2026, 17:06:59","{""luogo_fisico"":"""",""note"":"""",""coordinate"":null,""indirizzo"":""""}",Lr4XjZMr4UWWJWD2m0iW,1780240019067_yefsc,fbee9ede-55a9-484d-a4bf-87a659e5814e,"{""autista"":{""cognome"":"""",""nome"":"""",""telefono"":""""},""medico"":{""cognome"":"""",""nome"":"""",""telefono"":""""},""soccorritore2"":{""cognome"":"""",""nome"":"""",""telefono"":""""},""soccorritore1"":{""cognome"":"""",""nome"":"""",""telefono"":""""}}",,
CNSAS_SCOPA,CNSAS_SCOPA,CNSAS,,,Disponibile,true,,false,"Piazza Giuseppe Garibaldi, 23900 Lecco LC",,,,,"31/05/2026, 17:06:59","{""luogo_fisico"":"""",""note"":"""",""coordinate"":null,""indirizzo"":""Piazza Giuseppe Garibaldi, 23900 Lecco LC""}",Lr4XjZMr4UWWJWD2m0iW,1780240019743_91l8b,2666ee86-60c8-4992-b82c-3c0e45b7483d,"{""autista"":{""cognome"":"""",""nome"":"""",""telefono"":""""},""medico"":{""cognome"":"""",""nome"":"""",""telefono"":""""},""soccorritore2"":{""cognome"":"""",""nome"":"""",""telefono"":""""},""soccorritore1"":{""cognome"":"""",""nome"":"""",""telefono"":""""}}",,
CNSAS_STOPPANI,CNSAS_STOPPANI,CNSAS,,,Disponibile,true,,false,,,,,,"31/05/2026, 17:06:59","{""luogo_fisico"":"""",""note"":"""",""coordinate"":null,""indirizzo"":""""}",Lr4XjZMr4UWWJWD2m0iW,1780240018746_kvmly,77b142c4-ced0-4a7e-8cd0-25ca66fc2fed,"{""autista"":{""cognome"":"""",""nome"":"""",""telefono"":""""},""medico"":{""cognome"":"""",""nome"":"""",""telefono"":""""},""soccorritore2"":{""cognome"":"""",""nome"":"""",""telefono"":""""},""soccorritore1"":{""cognome"":"""",""nome"":"""",""telefono"":""""}}",,
CNSAS_VETTA,CNSAS_VETTA,CNSAS,,,Disponibile,true,,false,,,,,,"31/05/2026, 17:06:59","{""luogo_fisico"":"""",""note"":"""",""coordinate"":null,""indirizzo"":""""}",Lr4XjZMr4UWWJWD2m0iW,1780240019232_xuuug,4f737bb6-897f-4736-8475-8ec97b2567e0,"{""autista"":{""cognome"":"""",""nome"":"""",""telefono"":""""},""medico"":{""cognome"":"""",""nome"":"""",""telefono"":""""},""soccorritore2"":{""cognome"":"""",""nome"":"""",""telefono"":""""},""soccorritore1"":{""cognome"":"""",""nome"":"""",""telefono"":""""}}",,
CRI_LC_3173,CRI_LC_3173,MSB,,,Disponibile,true,,false,"Piazza Giuseppe Mazzini, 23900 Lecco LC",,,,,"31/05/2026, 17:06:54","{""luogo_fisico"":"""",""note"":"""",""coordinate"":null,""indirizzo"":""Piazza Giuseppe Mazzini, 23900 Lecco LC""}",Lr4XjZMr4UWWJWD2m0iW,1780240014460_5s0u1,4aecf47d-ed8e-48f8-84cc-80cf1b102bc3,"{""autista"":{""cognome"":"""",""nome"":"""",""telefono"":""""},""medico"":{""cognome"":"""",""nome"":"""",""telefono"":""""},""soccorritore2"":{""cognome"":"""",""nome"":"""",""telefono"":""""},""soccorritore1"":{""cognome"":"""",""nome"":"""",""telefono"":""""}}",,
CRI_LC_3174,CRI_LC_3174,MSB,,,Disponibile,true,,true,"Piazza Giuseppe Garibaldi, 23900 Lecco LC",,,,,"31/05/2026, 17:06:54","{""luogo_fisico"":"""",""note"":"""",""coordinate"":{""lat"":45.85311452486123,""lng"":9.389820522461209},""indirizzo"":""Piazza Giuseppe Garibaldi, 23900 Lecco LC""}",Lr4XjZMr4UWWJWD2m0iW,1780240014299_pbadt,2666ee86-60c8-4992-b82c-3c0e45b7483d,"{""autista"":{""cognome"":"""",""nome"":"""",""telefono"":""""},""medico"":{""cognome"":"""",""nome"":"""",""telefono"":""""},""soccorritore2"":{""cognome"":"""",""nome"":"""",""telefono"":""""},""soccorritore1"":{""cognome"":"""",""nome"":"""",""telefono"":""""}}",,
CRI_LC_3175,CRI_LC_3175,MSB,,,Disponibile,true,,false,"Via ai Poggi, 107, 23900 Lecco LC",,,,,"31/05/2026, 17:06:54","{""luogo_fisico"":"""",""note"":"""",""coordinate"":null,""indirizzo"":""Via ai Poggi, 107, 23900 Lecco LC""}",Lr4XjZMr4UWWJWD2m0iW,1780240014630_ah9zg,15bdf8b3-dab2-4c64-b827-1e7ced65f0b5,"{""autista"":{""cognome"":"""",""nome"":"""",""telefono"":""""},""medico"":{""cognome"":"""",""nome"":"""",""telefono"":""""},""soccorritore2"":{""cognome"":"""",""nome"":"""",""telefono"":""""},""soccorritore1"":{""cognome"":"""",""nome"":"""",""telefono"":""""}}",,
CRI_LC_3177,CRI_LC_3177,MSB,,,Disponibile,true,,false,"Piazza Mario Cermenati, 23900 Lecco LC",,,45.864852,9.393455,"31/05/2026, 17:06:55","{""luogo_fisico"":"""",""note"":"""",""coordinate"":null,""indirizzo"":""Piazza Mario Cermenati, 23900 Lecco LC""}",Lr4XjZMr4UWWJWD2m0iW,1780240014766_m7c27,282c9137-4c8b-4577-ac59-3f7df72b5478,"{""autista"":{""cognome"":"""",""nome"":"""",""telefono"":""""},""medico"":{""cognome"":"""",""nome"":"""",""telefono"":""""},""soccorritore2"":{""cognome"":"""",""nome"":"""",""telefono"":""""},""soccorritore1"":{""cognome"":"""",""nome"":"""",""telefono"":""""}}",,"{""aggiornatoIl"":{""_seconds"":1780665097,""_nanoseconds"":737000000},""coordinate"":{""lng"":9.393455,""lat"":45.864852},""fonte"":""telegram""}"
CRI_LC_3182,CRI_LC_3182,AUTOMEDICA,,,Disponibile,true,,false,"Piazza degli Affari, 23900 Lecco LC",,,,,"31/05/2026, 17:06:54","{""luogo_fisico"":"""",""note"":"""",""coordinate"":null,""indirizzo"":""Piazza degli Affari, 23900 Lecco LC""}",Lr4XjZMr4UWWJWD2m0iW,1780240014016_3euc9,49d5d2d7-899f-41e7-913f-160507e03925,"{""autista"":{""cognome"":"""",""nome"":"""",""telefono"":""""},""medico"":{""cognome"":"""",""nome"":"""",""telefono"":""""},""soccorritore2"":{""cognome"":"""",""nome"":"""",""telefono"":""""},""soccorritore1"":{""cognome"":"""",""nome"":"""",""telefono"":""""}}",,
CRI_LC_3184,CRI_LC_3184,MSB,,,Non disponibile,true,,true,"Piazza Mario Cermenati, 23900 Lecco LC",,,,,"06/06/2026, 19:39:44","{""luogo_fisico"":"""",""note"":"""",""coordinate"":{""lng"":9.388600825486087,""lat"":45.85591408724498},""indirizzo"":""Piazza Mario Cermenati, 23900 Lecco LC""}",Lr4XjZMr4UWWJWD2m0iW,b2ef0e46-326e-4648-bcd5-638d9b4237d3,282c9137-4c8b-4577-ac59-3f7df72b5478,"{""autista"":{""cognome"":"""",""nome"":"""",""telefono"":""""},""medico"":{""cognome"":"""",""nome"":"""",""telefono"":""""},""soccorritore2"":{""cognome"":"""",""nome"":"""",""telefono"":""""},""soccorritore1"":{""cognome"":"""",""nome"":"""",""telefono"":""""}}",,
CRI_LC_ARRIVO1,CRI_LC_ARRIVO1,SAP,,,Disponibile,true,,false,"Piazza Giuseppe Garibaldi, 23900 Lecco LC",,,,,"31/05/2026, 17:06:55","{""luogo_fisico"":"""",""note"":"""",""coordinate"":null,""indirizzo"":""Piazza Giuseppe Garibaldi, 23900 Lecco LC""}",Lr4XjZMr4UWWJWD2m0iW,1780240014943_351k6,2666ee86-60c8-4992-b82c-3c0e45b7483d,"{""autista"":{""cognome"":"""",""nome"":"""",""telefono"":""""},""medico"":{""cognome"":"""",""nome"":"""",""telefono"":""""},""soccorritore2"":{""cognome"":"""",""nome"":"""",""telefono"":""""},""soccorritore1"":{""cognome"":"""",""nome"":"""",""telefono"":""""}}",,
CRI_LC_ARRIVO2,CRI_LC_ARRIVO2,SAP,,,Disponibile,true,,false,"Piazza Giuseppe Garibaldi, 23900 Lecco LC",,,,,"31/05/2026, 17:06:55","{""luogo_fisico"":"""",""note"":"""",""coordinate"":null,""indirizzo"":""Piazza Giuseppe Garibaldi, 23900 Lecco LC""}",Lr4XjZMr4UWWJWD2m0iW,1780240015107_wu1fp,2666ee86-60c8-4992-b82c-3c0e45b7483d,"{""autista"":{""cognome"":"""",""nome"":"""",""telefono"":""""},""medico"":{""cognome"":"""",""nome"":"""",""telefono"":""""},""soccorritore2"":{""cognome"":"""",""nome"":"""",""telefono"":""""},""soccorritore1"":{""cognome"":"""",""nome"":"""",""telefono"":""""}}",,
CRI_LC_CICLO,CRI_LC_CICLO,CICLOSOCCORSO,,,Non disponibile,true,,false,"Piazza degli Affari, 23900 Lecco LC",,,,,"31/05/2026, 17:06:55","{""luogo_fisico"":"""",""note"":"""",""coordinate"":null,""indirizzo"":""Piazza degli Affari, 23900 Lecco LC""}",Lr4XjZMr4UWWJWD2m0iW,1780240015757_dot8r,49d5d2d7-899f-41e7-913f-160507e03925,"{""autista"":{""cognome"":"""",""nome"":"""",""telefono"":""""},""medico"":{""cognome"":"""",""nome"":"""",""telefono"":""""},""soccorritore2"":{""cognome"":"""",""nome"":"""",""telefono"":""""},""soccorritore1"":{""cognome"":"""",""nome"":"""",""telefono"":""""}}",,
CRI_LC_COORD,CRI_LC_COORD,COORDINAMENTO,,,Non disponibile,true,,true,"Piazza Giuseppe Garibaldi, 23900 Lecco LC",,,,,"31/05/2026, 17:06:53","{""luogo_fisico"":"""",""note"":"""",""coordinate"":{""lng"":9.389820522461209,""lat"":45.85311452486123},""indirizzo"":""Piazza Giuseppe Garibaldi, 23900 Lecco LC""}",Lr4XjZMr4UWWJWD2m0iW,1780240013668_9nuki,2666ee86-60c8-4992-b82c-3c0e45b7483d,"{""autista"":{""cognome"":"""",""nome"":"""",""telefono"":""""},""soccorritore2"":{""cognome"":"""",""nome"":"""",""telefono"":""""},""soccorritore1"":{""cognome"":"""",""nome"":"""",""telefono"":""""},""medico"":{""nome"":""JACOPO"",""cognome"":""TAIETTI"",""telefono"":""03411812600""}}",,
CRI_LC_ERNA,CRI_LC_ERNA,SAP,,,Disponibile,true,,false,,,,,,"31/05/2026, 17:06:55","{""luogo_fisico"":"""",""note"":"""",""coordinate"":null,""indirizzo"":""""}",Lr4XjZMr4UWWJWD2m0iW,1780240015303_bua78,1876e1b5-397f-4927-b994-e44bc5dfa5f8,"{""autista"":{""cognome"":"""",""nome"":"""",""telefono"":""""},""medico"":{""cognome"":"""",""nome"":"""",""telefono"":""""},""soccorritore2"":{""cognome"":"""",""nome"":"""",""telefono"":""""},""soccorritore1"":{""cognome"":"""",""nome"":"""",""telefono"":""""}}",,
CRI_LC_LOG,CRI_LC_LOG,LOGISTICA,,,Disponibile,true,,false,"Piazza degli Affari, 23900 Lecco LC",,,,,"31/05/2026, 17:06:56","{""luogo_fisico"":"""",""note"":"""",""coordinate"":null,""indirizzo"":""Piazza degli Affari, 23900 Lecco LC""}",Lr4XjZMr4UWWJWD2m0iW,1780240015973_5wr6j,49d5d2d7-899f-41e7-913f-160507e03925,"{""autista"":{""cognome"":"""",""nome"":"""",""telefono"":""""},""medico"":{""cognome"":"""",""nome"":"""",""telefono"":""""},""soccorritore2"":{""cognome"":"""",""nome"":"""",""telefono"":""""},""soccorritore1"":{""cognome"":"""",""nome"":"""",""telefono"":""""}}",,
CRI_LC_OPEM,CRI_LC_OPEM,LOGISTICA,,,Disponibile,true,,false,"Piazza degli Affari, 23900 Lecco LC",,,,,"31/05/2026, 17:06:56","{""luogo_fisico"":"""",""note"":"""",""coordinate"":null,""indirizzo"":""Piazza degli Affari, 23900 Lecco LC""}",Lr4XjZMr4UWWJWD2m0iW,1780240016126_iu7bp,49d5d2d7-899f-41e7-913f-160507e03925,"{""autista"":{""cognome"":"""",""nome"":"""",""telefono"":""""},""medico"":{""cognome"":"""",""nome"":"""",""telefono"":""""},""soccorritore2"":{""cognome"":"""",""nome"":"""",""telefono"":""""},""soccorritore1"":{""cognome"":"""",""nome"":"""",""telefono"":""""}}",,
CRI_LC_PPI,CRI_LC_PPI,PPI,,,Disponibile,true,,false,"Piazza degli Affari, 23900 Lecco LC",,,,,"31/05/2026, 17:06:54","{""luogo_fisico"":"""",""note"":"""",""coordinate"":null,""indirizzo"":""Piazza degli Affari, 23900 Lecco LC""}",Lr4XjZMr4UWWJWD2m0iW,1780240014169_h38ku,49d5d2d7-899f-41e7-913f-160507e03925,"{""autista"":{""cognome"":"""",""nome"":"""",""telefono"":""""},""medico"":{""cognome"":"""",""nome"":"""",""telefono"":""""},""soccorritore2"":{""cognome"":"""",""nome"":"""",""telefono"":""""},""soccorritore1"":{""cognome"":"""",""nome"":"""",""telefono"":""""}}",,
CRI_LC_STOPPANI,CRI_LC_STOPPANI,SAP,,,Disponibile,true,,false,,,,,,"31/05/2026, 17:06:55","{""luogo_fisico"":"""",""note"":"""",""coordinate"":null,""indirizzo"":""""}",Lr4XjZMr4UWWJWD2m0iW,1780240015578_k0mo4,a40dff8c-2fed-4942-9ec1-ca286e73c2f4,"{""autista"":{""cognome"":"""",""nome"":"""",""telefono"":""""},""medico"":{""cognome"":"""",""nome"":"""",""telefono"":""""},""soccorritore2"":{""cognome"":"""",""nome"":"""",""telefono"":""""},""soccorritore1"":{""cognome"":"""",""nome"":"""",""telefono"":""""}}",,
CRI_LC_VETTA,CRI_LC_VETTA,SAP,,,Disponibile,true,,false,,,,,,"31/05/2026, 17:06:55","{""luogo_fisico"":"""",""note"":"""",""coordinate"":null,""indirizzo"":""""}",Lr4XjZMr4UWWJWD2m0iW,1780240015415_32k6q,4f737bb6-897f-4736-8475-8ec97b2567e0,"{""autista"":{""cognome"":"""",""nome"":"""",""telefono"":""""},""medico"":{""cognome"":"""",""nome"":"""",""telefono"":""""},""soccorritore2"":{""cognome"":"""",""nome"":"""",""telefono"":""""},""soccorritore1"":{""cognome"":"""",""nome"":"""",""telefono"":""""}}",,
ELI_BG,ELI_BG,ELISOCCORSO,,,Disponibile,true,,false,"Piazza OMS, 1, 24127 Bergamo BG",,,,,"31/05/2026, 17:06:57","{""luogo_fisico"":"""",""note"":"""",""coordinate"":null,""indirizzo"":""Piazza OMS, 1, 24127 Bergamo BG""}",Lr4XjZMr4UWWJWD2m0iW,1780240017074_bi8ud,c8c355e2-ab72-41c6-ac69-6dc04eb39060,"{""autista"":{""cognome"":"""",""nome"":"""",""telefono"":""""},""medico"":{""cognome"":"""",""nome"":"""",""telefono"":""""},""soccorritore2"":{""cognome"":"""",""nome"":"""",""telefono"":""""},""soccorritore1"":{""cognome"":"""",""nome"":"""",""telefono"":""""}}",,
ELI_BS,ELI_BS,ELISOCCORSO,,,Disponibile,true,,false,"Strada Provinciale 37, 36, 25018 Montichiari BS",,,,,"31/05/2026, 17:06:58","{""luogo_fisico"":"""",""note"":"""",""coordinate"":null,""indirizzo"":""Strada Provinciale 37, 36, 25018 Montichiari BS""}",Lr4XjZMr4UWWJWD2m0iW,1780240017817_dmcjx,bc37a492-9b83-4a6f-b107-00ec8efa197e,"{""autista"":{""cognome"":"""",""nome"":"""",""telefono"":""""},""medico"":{""cognome"":"""",""nome"":"""",""telefono"":""""},""soccorritore2"":{""cognome"":"""",""nome"":"""",""telefono"":""""},""soccorritore1"":{""cognome"":"""",""nome"":"""",""telefono"":""""}}",,
ELI_CO,ELI_CO,ELISOCCORSO,,,Disponibile,true,,false,"Via Firenze, 118, 22079 Villa Guardia CO",,,,,"31/05/2026, 17:06:57","{""luogo_fisico"":"""",""note"":"""",""coordinate"":null,""indirizzo"":""Via Firenze, 118, 22079 Villa Guardia CO""}",Lr4XjZMr4UWWJWD2m0iW,1780240016929_4ivp7,aac12528-e3aa-4f26-8f30-bebb52c19f2a,"{""autista"":{""cognome"":"""",""nome"":"""",""telefono"":""""},""medico"":{""cognome"":"""",""nome"":"""",""telefono"":""""},""soccorritore2"":{""cognome"":"""",""nome"":"""",""telefono"":""""},""soccorritore1"":{""cognome"":"""",""nome"":"""",""telefono"":""""}}",,
ELI_MI,ELI_MI,ELISOCCORSO,,,Disponibile,true,,false,"Via Gian Carlo Clerici, 20091 Bresso MI",,,,,"31/05/2026, 17:06:57","{""luogo_fisico"":"""",""note"":"""",""coordinate"":null,""indirizzo"":""Via Gian Carlo Clerici, 20091 Bresso MI""}",Lr4XjZMr4UWWJWD2m0iW,1780240017461_reray,780f6e0f-f1ae-4cc9-874d-d1eb96d735f5,"{""autista"":{""cognome"":"""",""nome"":"""",""telefono"":""""},""medico"":{""cognome"":"""",""nome"":"""",""telefono"":""""},""soccorritore2"":{""cognome"":"""",""nome"":"""",""telefono"":""""},""soccorritore1"":{""cognome"":"""",""nome"":"""",""telefono"":""""}}",,
ELI_SO,ELI_SO,ELISOCCORSO,,,Disponibile,true,,false,"SP16, 23010 Caiolo SO",,,,,"31/05/2026, 17:06:57","{""luogo_fisico"":"""",""note"":"""",""coordinate"":null,""indirizzo"":""SP16, 23010 Caiolo SO""}",Lr4XjZMr4UWWJWD2m0iW,1780240017222_frnhc,bb7ed733-66d8-46f5-9085-00ebf78be33c,"{""autista"":{""cognome"":"""",""nome"":"""",""telefono"":""""},""medico"":{""cognome"":"""",""nome"":"""",""telefono"":""""},""soccorritore2"":{""cognome"":"""",""nome"":"""",""telefono"":""""},""soccorritore1"":{""cognome"":"""",""nome"":"""",""telefono"":""""}}",,
MEDICO_ERNA,MEDICO_ERNA,MEDICO,,,Disponibile,true,,false,,,,,,"31/05/2026, 17:06:56","{""luogo_fisico"":"""",""note"":"""",""coordinate"":null,""indirizzo"":""""}",Lr4XjZMr4UWWJWD2m0iW,1780240016763_5fmcp,1876e1b5-397f-4927-b994-e44bc5dfa5f8,"{""autista"":{""cognome"":"""",""nome"":"""",""telefono"":""""},""medico"":{""cognome"":"""",""nome"":"""",""telefono"":""""},""soccorritore2"":{""cognome"":"""",""nome"":"""",""telefono"":""""},""soccorritore1"":{""cognome"":"""",""nome"":"""",""telefono"":""""}}",,
MEDICO_TRIATHLON,MEDICO_TRIATHLON,MEDICO,,,Disponibile,true,,false,"Via Zoli, 1, 22030 Pusiano CO, Italia",,,,,"31/05/2026, 17:07:00","{""luogo_fisico"":"""",""note"":"""",""coordinate"":null,""indirizzo"":""Via Zoli, 1, 22030 Pusiano CO, Italia""}",Lr4XjZMr4UWWJWD2m0iW,1780240020560_x7r13,145d45bb-8948-40fe-9fe0-e48ca0d73a92,"{""autista"":{""cognome"":"""",""nome"":"""",""telefono"":""""},""medico"":{""cognome"":"""",""nome"":"""",""telefono"":""""},""soccorritore2"":{""cognome"":"""",""nome"":"""",""telefono"":""""},""soccorritore1"":{""cognome"":"""",""nome"":"""",""telefono"":""""}}",,
MEDICO_VETTA,MEDICO_VETTA,MEDICO,,,Disponibile,true,,false,,,,,,"31/05/2026, 17:06:56","{""luogo_fisico"":"""",""note"":"""",""coordinate"":null,""indirizzo"":""""}",Lr4XjZMr4UWWJWD2m0iW,1780240016632_o9i3a,4f737bb6-897f-4736-8475-8ec97b2567e0,"{""autista"":{""cognome"":"""",""nome"":"""",""telefono"":""""},""medico"":{""cognome"":"""",""nome"":"""",""telefono"":""""},""soccorritore2"":{""cognome"":"""",""nome"":"""",""telefono"":""""},""soccorritore1"":{""cognome"":"""",""nome"":"""",""telefono"":""""}}",,
NAVETTA_01,NAVETTA_01,PULIMINO,,,Disponibile,true,,false,"Corso Giacomo Matteotti, 12, 23900 Lecco LC, Italia",,,,,"31/05/2026, 17:06:56","{""luogo_fisico"":"""",""note"":"""",""coordinate"":null,""indirizzo"":""Corso Giacomo Matteotti, 12, 23900 Lecco LC, Italia""}",Lr4XjZMr4UWWJWD2m0iW,1780240016250_p9bdl,f937d967-8bee-4fba-b7b1-e49944b59f8e,"{""autista"":{""cognome"":"""",""nome"":"""",""telefono"":""""},""medico"":{""cognome"":"""",""nome"":"""",""telefono"":""""},""soccorritore2"":{""cognome"":"""",""nome"":"""",""telefono"":""""},""soccorritore1"":{""cognome"":"""",""nome"":"""",""telefono"":""""}}",,
NAVETTA_02,NAVETTA_02,PULIMINO,,,Disponibile,true,,false,"Corso Giacomo Matteotti, 12, 23900 Lecco LC, Italia",,,,,"31/05/2026, 17:06:56","{""luogo_fisico"":"""",""note"":"""",""coordinate"":null,""indirizzo"":""Corso Giacomo Matteotti, 12, 23900 Lecco LC, Italia""}",Lr4XjZMr4UWWJWD2m0iW,1780240016429_aae9i,f937d967-8bee-4fba-b7b1-e49944b59f8e,"{""autista"":{""cognome"":"""",""nome"":"""",""telefono"":""""},""medico"":{""cognome"":"""",""nome"":"""",""telefono"":""""},""soccorritore2"":{""cognome"":"""",""nome"":"""",""telefono"":""""},""soccorritore1"":{""cognome"":"""",""nome"":"""",""telefono"":""""}}",,
OPSA_LC_0140,OPSA_LC_0140,IDROAMBULANZA,,,Disponibile,true,,false,"Via Zoli, 1, 22030 Pusiano CO, Italia",,,,,"31/05/2026, 17:07:00","{""luogo_fisico"":"""",""note"":"""",""coordinate"":null,""indirizzo"":""Via Zoli, 1, 22030 Pusiano CO, Italia""}",Lr4XjZMr4UWWJWD2m0iW,1780240019854_tinrg,145d45bb-8948-40fe-9fe0-e48ca0d73a92,"{""autista"":{""cognome"":"""",""nome"":"""",""telefono"":""""},""medico"":{""cognome"":"""",""nome"":"""",""telefono"":""""},""soccorritore2"":{""cognome"":"""",""nome"":"""",""telefono"":""""},""soccorritore1"":{""cognome"":"""",""nome"":"""",""telefono"":""""}}",,
OPSA_LC_0166,OPSA_LC_0166,IDROAMBULANZA,,,Disponibile,true,,false,"Via Zoli, 1, 22030 Pusiano CO, Italia",,,,,"31/05/2026, 17:07:00","{""luogo_fisico"":"""",""note"":"""",""coordinate"":null,""indirizzo"":""Via Zoli, 1, 22030 Pusiano CO, Italia""}",Lr4XjZMr4UWWJWD2m0iW,1780240020026_xfcu2,145d45bb-8948-40fe-9fe0-e48ca0d73a92,"{""autista"":{""cognome"":"""",""nome"":"""",""telefono"":""""},""medico"":{""cognome"":"""",""nome"":"""",""telefono"":""""},""soccorritore2"":{""cognome"":"""",""nome"":"""",""telefono"":""""},""soccorritore1"":{""cognome"":"""",""nome"":"""",""telefono"":""""}}",,
OPSA_LC_0195,OPSA_LC_0195,MOTO D'ACQUA,,,Disponibile,true,,false,"Via Zoli, 1, 22030 Pusiano CO, Italia",,,,,"31/05/2026, 17:07:00","{""luogo_fisico"":"""",""note"":"""",""coordinate"":null,""indirizzo"":""Via Zoli, 1, 22030 Pusiano CO, Italia""}",Lr4XjZMr4UWWJWD2m0iW,1780240020163_c77vw,145d45bb-8948-40fe-9fe0-e48ca0d73a92,"{""autista"":{""cognome"":"""",""nome"":"""",""telefono"":""""},""medico"":{""cognome"":"""",""nome"":"""",""telefono"":""""},""soccorritore2"":{""cognome"":"""",""nome"":"""",""telefono"":""""},""soccorritore1"":{""cognome"":"""",""nome"":"""",""telefono"":""""}}",,
OPSA_LC_COORD,OPSA_LC_COORD,COORDINAMENTO,,,Disponibile,true,,false,"Via Zoli, 1, 22030 Pusiano CO, Italia",,,,,"31/05/2026, 17:07:00","{""luogo_fisico"":"""",""note"":"""",""coordinate"":null,""indirizzo"":""Via Zoli, 1, 22030 Pusiano CO, Italia""}",Lr4XjZMr4UWWJWD2m0iW,1780240020431_j6lp6,145d45bb-8948-40fe-9fe0-e48ca0d73a92,"{""autista"":{""cognome"":"""",""nome"":"""",""telefono"":""""},""medico"":{""cognome"":"""",""nome"":"""",""telefono"":""""},""soccorritore2"":{""cognome"":"""",""nome"":"""",""telefono"":""""},""soccorritore1"":{""cognome"":"""",""nome"":"""",""telefono"":""""}}",,
OPSA_LC_SQ,OPSA_LC_SQ,SAP,,,Disponibile,true,,false,"Via Zoli, 1, 22030 Pusiano CO, Italia",,,,,"31/05/2026, 17:07:00","{""luogo_fisico"":"""",""note"":"""",""coordinate"":null,""indirizzo"":""Via Zoli, 1, 22030 Pusiano CO, Italia""}",Lr4XjZMr4UWWJWD2m0iW,1780240020278_9ms9w,145d45bb-8948-40fe-9fe0-e48ca0d73a92,"{""autista"":{""cognome"":"""",""nome"":"""",""telefono"":""""},""medico"":{""cognome"":"""",""nome"":"""",""telefono"":""""},""soccorritore2"":{""cognome"":"""",""nome"":"""",""telefono"":""""},""soccorritore1"":{""cognome"":"""",""nome"":"""",""telefono"":""""}}",,